{"cameraMode":{"drawMode":0,"name":"Shaded","section":"Shading Mode"},"sceneLighting":true,"audioPlay":false,"sceneViewState":{"showFog":true,"showMaterialUpdate":false,"showSkybox":true,"showFlares":true,"showImageEffects":true,"showParticleSystems":true},"in2DMode":false,"pivot":{"x":42.62683868408203,"y":0.0,"z":28.286890029907228},"rotation":{"x":-0.17332184314727784,"y":0.03455834090709686,"z":-0.006085659377276897,"w":-0.9842420816421509},"size":49.63922119140625,"orthographic":false}