{"cameraMode":{"drawMode":0,"name":"Shaded","section":"Shading Mode"},"sceneLighting":true,"audioPlay":false,"sceneViewState":{"showFog":true,"showMaterialUpdate":false,"showSkybox":true,"showFlares":true,"showImageEffects":true,"showParticleSystems":true},"in2DMode":false,"pivot":{"x":6.624199867248535,"y":-0.5826396942138672,"z":14.677030563354493},"rotation":{"x":-0.17332184314727784,"y":0.03455834090709686,"z":-0.006085659377276897,"w":-0.9842420816421509},"size":35.2933235168457,"orthographic":false}